Envergadura_m,Potencia_W,Peso_Total_kg
10.0,914.8691292717376,37.3610817790843
10.06030150753769,909.3547591668781,37.43029316048804
10.120603015075377,903.9698532381807,37.49983722283418
10.180904522613066,898.7115659431025,37.56971356872962
10.241206030150753,893.5771349544117,37.63992180361251
10.301507537688442,888.5638782514893,37.71046153571552
10.361809045226131,883.6691913296632,37.78133237602974
10.422110552763819,878.8905445221053,37.85253393826932
10.482412060301508,874.2254804291449,37.924065838836675
10.542713567839195,869.6716114500949,37.99592769678843
10.603015075376884,865.2266174129454,38.0681191338019
10.663316582914574,860.8882432975131,38.14063977414228
10.72361809045226,856.654297047855,38.21348924463031
10.78391959798995,852.5226474699703,38.28666717461065
10.844221105527637,848.4912222110092,38.36017319592071
10.904522613065327,844.5580058163921,38.43400694286012
10.964824120603016,840.7210378614316,38.5081680521607
11.025125628140703,836.9784111541978,38.58265616295694
11.085427135678392,833.3282700065483,38.65747091675708
11.14572864321608,829.7688085703735,38.732611957414576
11.206030150753769,826.2982692362694,38.8080789311002
11.266331658291458,822.914941091964,38.883871486274444
11.326633165829145,819.6171584379688,38.95998927366061
11.386934673366834,816.4032993580356,39.03643194621817
11.447236180904522,813.2717843421203,39.11319915911672
11.507537688442211,810.2210749596543,39.19029056971022
11.5678391959799,807.249672581041,39.267705837511876
11.628140703517587,804.3561171453757,39.34544462416923
11.688442211055277,801.5389859724934,39.42350659343981
11.748743718592966,798.7968926175282,39.50189141116711
11.809045226130653,796.1284857662548,39.58059874525699
11.869346733668342,793.5324481695546,39.659628265654476
11.92964824120603,791.0074956154442,39.738979644320885
11.989949748743719,788.5523759371404,39.8186525552114
12.050251256281406,786.165868055742,39.89864667425294
12.110552763819095,783.8467810561406,39.9789616793224
12.170854271356784,781.5939532948589,40.05959725022528
12.231155778894472,779.4062515385524,40.14055306867459
12.291457286432161,777.2825701319791,40.22182881827012
12.35175879396985,775.2218301942956,40.30342418447806
12.412060301507537,773.2229788425676,40.38533885461089
12.472361809045227,771.2849884414653,40.46757251780764
12.532663316582914,769.406855878122,40.55012486501437
12.592964824120603,767.587601861203,40.632995588965045
12.65326633165829,765.8262702432703,40.716184384162666
12.71356783919598,764.1219273655473,40.799690946860665
12.773869346733669,762.4736614242574,40.883514975044626
12.834170854271356,760.8805818577125,40.96765616841422
12.894472361809045,759.3418187533931,41.05211422836553
12.954773869346734,757.8565222742639,41.13688885797348
13.015075376884422,756.4238621036245,41.22197976197466
13.075376884422111,755.04302690781,41.307386646750345
13.135678391959798,753.7132238160854,41.39310922030978
13.195979899497488,752.4336779171128,41.47914719227371
13.256281407035175,751.2036317713874,41.56550027385812
13.316582914572864,750.0223449390649,41.6521681778583
13.376884422110553,748.8890935226285,41.73915061863302
13.43718592964824,747.8031697238658,41.82644731208904
13.49748743718593,746.7638814146426,41.91405797566577
13.557788944723619,745.770551720987,42.00198232832021
13.618090452261306,744.8225186200133,42.09022009051205
13.678391959798995,743.9191345492318,42.178770984188986
13.738693467336683,743.0597660278197,42.26763473277233
13.798994974874372,742.24379328942,42.35681106114268
13.85929648241206,741.4706099260894,42.44629969562591
13.919597989949748,740.7396225429909,42.53610036397931
13.979899497487438,740.0502504234743,42.62621279537788
14.040201005025125,739.4019252041833,42.71663672040091
14.100502512562814,738.7940905598488,42.80737187101866
14.160804020100503,738.226201897439,42.898417980579225
14.22110552763819,737.6977260593503,42.98977478379566
14.281407035175878,737.2081410353353,43.08144201673318
14.341708542713569,736.7569356828742,43.173419416796605
14.402010050251256,736.3436094557059,43.265706722717916
14.462311557788944,735.967672140253,43.358303674544054
14.522613065326633,735.6286435996726,43.4512100136248
14.582914572864322,735.3260535252873,43.54442548260087
14.64321608040201,735.0594411951503,43.63794982539214
14.703517587939698,734.8283552395123,43.73178278718607
14.763819095477388,734.6323534129674,43.82592411442619
14.824120603015075,734.4710023730568,43.92037355480086
14.884422110552762,734.3438774651279,44.01513085723205
14.944723618090453,734.2505625132435,44.1101957718644
15.00502512562814,734.1906496169465,44.20556805005426
15.065326633165828,734.1637389536966,44.30124744435904
15.125628140703517,734.1694385867942,44.39723370852657
15.185929648241206,734.2073642786256,44.49352659748465
15.246231155778894,734.2771393090519,44.590125867330734
15.306532663316583,734.3783942987866,44.68703127532174
15.366834170854272,734.5107670376042,44.78424257986397
15.42713567839196,734.6739023172285,44.881759540503175
15.487437185929647,734.8674517687564,44.97958191791475
15.547738693467338,735.0910737044762,45.077709473894046
15.608040201005025,735.3444329639442,45.17614197134676
15.668341708542712,735.6272007641938,45.27487917427955
15.728643216080402,735.9390545539419,45.37392084779064
15.78894472361809,736.2796778716788,45.47326675806062
15.849246231155778,736.6487602075223,45.57291667234335
15.909547738693467,737.0459968687176,45.672870358956935
15.969849246231156,737.4710888486802,45.77312758727487
16.030150753768844,737.9237426994683,45.873688127717216
16.09045226130653,738.40367040759,45.97455175174199
16.150753768844222,738.910589273038,46.07571823183653
16.21105527638191,739.4442217914631,46.17718734150904
16.271356783919597,740.0042955393893,46.27895885528027
16.331658291457288,740.5905430623815,46.38103254867521
16.391959798994975,741.2027017660835,46.48340819821489
16.452261306532662,741.8405138100342,46.58608558140837
16.51256281407035,742.5037260041904,46.68906447674475
16.57286432160804,743.1920897080702,46.79234466368523
16.633165829145728,743.9053607324465,46.895925922655366
16.69346733668342,744.6432992435123,46.999808035037375
16.753768844221106,745.4056696694536,47.103990783162494
16.814070351758794,746.1922406093521,47.20847395030344
16.87437185929648,747.0027847443602,47.31325732066703
16.93467336683417,747.8370787510786,47.41834067938676
16.99497487437186,748.6949032170742,47.523723812515584
17.055276381909547,749.5760425584815,47.62940650701871
17.115577889447238,750.4802849396243,47.735388550766466
17.175879396984925,751.4074221946057,47.84166973252733
17.236180904522612,752.3572497508086,47.94824984196094
17.2964824120603,753.3295665542536,48.055128669611236
17.35678391959799,754.3241749967646,48.16230600689968
17.417085427135678,755.3408808448909,48.26978164611853
17.477386934673365,756.3794931705387,48.377555380424184
17.537688442211056,757.4398242832625,48.48562700383065
17.597989949748744,758.5216896641742,48.593996311202986
17.65829145728643,759.6249079014248,48.70266309825095
17.71859296482412,760.7493006272147,48.81162716152261
17.77889447236181,761.894692456293,48.920888298398026
17.839195979899497,763.0609109259051,49.0304463070831
17.899497487437188,764.247786437149,49.14030098660339
17.959798994974875,765.4551521977043,49.25045213679799
18.020100502512562,766.682844165895,49.360899558313605
18.08040201005025,767.9307009960528,49.4716430525985
18.140703517587937,769.1985639851454,49.58268242189669
18.201005025125628,770.4862770206353,49.694017469242056
18.261306532663315,771.7936865295403,49.80564799845259
18.321608040201006,773.1206414286595,49.917573814124744
18.381909547738694,774.4669930759376,50.029794721627695
18.44221105527638,775.832595222937,50.142310527097855
18.50251256281407,777.2173039683887,50.25512103743327
18.562814070351756,778.6209777127938,50.368226060288194
18.623115577889447,780.0434771140486,50.48162540406766
18.683417085427138,781.4846650440692,50.59531887792214
18.743718592964825,782.9444065463837,50.709306291742216
18.804020100502512,784.4225687946781,50.823587456153376
18.8643216080402,785.9190210522572,50.93816218251078
18.924623115577887,787.4336346324131,51.05303028289417
18.984924623115578,788.9662828596635,51.16819157010274
19.045226130653266,790.5168410318479,51.28364585765011
19.105527638190956,792.0851863830582,51.39939295975936
19.165829145728644,793.6711980473792,51.51543269135809
19.22613065326633,795.2747570234213,51.631764868073546
19.28643216080402,796.8957461396262,51.748389306227764
19.346733668341706,798.5340500203259,51.865305822832795
19.407035175879397,800.1895550525339,51.982514235585995
19.467336683417084,801.8621493534567,52.10001436286528
19.527638190954775,803.5517227386986,52.217806023724535
19.587939698492463,805.2581666911528,52.33588903788897
19.64824120603015,806.9813743305551,52.454263225750594
19.708542713567837,808.7212403836859,52.57292840836374
19.768844221105525,810.4776611552054,52.691884407440504
19.829145728643216,812.2505344991083,52.811131045346485
19.889447236180906,814.0397597907757,52.93066814509619
19.949748743718594,815.8452378996229,53.050495530348876
20.01005025125628,817.6668711623139,53.17061302540425
20.07035175879397,819.5045633565396,53.291020455198066
20.130653266331656,821.3582196753439,53.411717645298104
20.190954773869347,823.2277467019807,53.532704421899886
20.251256281407034,825.1130523852926,53.653980611822526
20.311557788944725,827.0140460156023,53.775546042504814
20.371859296482413,828.9306382010942,53.8974005420009
20.4321608040201,830.8627408446874,54.01954393897649
20.492462311557787,832.8102671213785,54.14197606270483
20.552763819095475,834.7731314560486,54.26469674306264
20.613065326633166,836.7512495017227,54.38770581052645
20.673366834170853,838.7445381182685,54.511003096168444
20.733668341708544,840.7529153515295,54.63458843165293
20.79396984924623,842.7763004128761,54.758461649232316
20.85427135678392,844.8146136591695,54.88262258174346
20.914572864321606,846.8677765731294,55.00707106260398
20.974874371859293,848.9357117440919,55.13180692580844
21.035175879396984,851.0183428491521,55.256830005924826
21.095477386934675,853.115594634682,55.38214013809083
21.155778894472363,855.2273928982166,55.50773715801037
21.21608040201005,857.3536644706946,55.6336209019499
21.276381909547737,859.4943371990538,55.759791206734995
21.336683417085425,861.6493399291646,55.8862479097468
21.396984924623116,863.8186024891023,56.01299084891867
21.457286432160803,866.0020556727413,56.14001986273257
21.517587939698494,868.1996312236761,56.26733479021584
21.57788944723618,870.4112618194475,56.394935470937746
21.63819095477387,872.6368810560814,56.522821745006155
21.698492462311556,874.8764234329216,56.650993453064274
21.758793969849243,877.1298243377584,56.779450436287306
21.819095477386934,879.3970200322398,56.90819253637928
21.879396984924625,881.6779476375658,57.03721959556972
21.939698492462313,883.9725451204549,57.16653145661055
22.0,886.2807512793779,57.296127962772935
